Workbook

Sheet results
A1: CNPJ | B1: Nome Empresa | C1: Name | D1: Data Antecipação | E1: MoneyDetails_Net | F1: MoneyDetails_Fee | G1: MoneyDetails_ToBePaid | H1: Data Reembolso
A2: 31.963.755/0001-15 | B2: ANDRATE ODONTOLOGIA | C2: Daiane Renata da Silva Barbosa Andrade | D2: 46010 | E2: 586.1 | F2: 77.95 | G2: 508.15
A3: 31.963.755/0001-15 | B3: ANDRATE ODONTOLOGIA | C3: Daiane Renata da Silva Barbosa Andrade | D3: 46010 | E3: 3784.1 | F3: 596 | G3: 3188.1
A4: 31.963.755/0001-15 | B4: ANDRATE ODONTOLOGIA | C4: Daiane Renata da Silva Barbosa Andrade | D4: 46010 | E4: 298.1 | F4: 40 | G4: 258.1
A5: 31.963.755/0001-15 | B5: ANDRATE ODONTOLOGIA | C5: Daiane Renata da Silva Barbosa Andrade | D5: 46010 | E5: 340.1 | F5: 40 | G5: 300.1
A6: 31.963.755/0001-15 | B6: ANDRATE ODONTOLOGIA | C6: Daiane Renata da Silva Barbosa Andrade | D6: 46010 | E6: 298.19 | F6: 40 | G6: 258.19
A7: 31.963.755/0001-15 | B7: ANDRATE ODONTOLOGIA | C7: Daiane Renata da Silva Barbosa Andrade | D7: 46010 | E7: 298.1 | F7: 40 | G7: 258.1
A8: 31.963.755/0001-15 | B8: ANDRATE ODONTOLOGIA | C8: Daiane Renata da Silva Barbosa Andrade | D8: 46010 | E8: 271.43 | F8: 40 | G8: 231.43
A9: 31.963.755/0001-15 | B9: ANDRATE ODONTOLOGIA | C9: Daiane Renata da Silva Barbosa Andrade | D9: 46010 | E9: 2596.1 | F9: 408.89 | G9: 2187.21
A10: 31.963.755/0001-15 | B10: ANDRATE ODONTOLOGIA | C10: Daiane Renata da Silva Barbosa Andrade | D10: 46010 | E10: 317.64 | F10: 42.25 | G10: 275.39
A11: 31.963.755/0001-15 | B11: ANDRATE ODONTOLOGIA | C11: Daiane Renata da Silva Barbosa Andrade | D11: 46010 | E11: 612.25 | F11: 68.57 | G11: 543.68
A12: 31.963.755/0001-15 | B12: ANDRATE ODONTOLOGIA | C12: Daiane Renata da Silva Barbosa Andrade | D12: 46010 | E12: 358.66 | F12: 47.7 | G12: 310.96
A13: 31.963.755/0001-15 | B13: ANDRATE ODONTOLOGIA | C13: Daiane Renata da Silva Barbosa Andrade | D13: 46010 | E13: 943.1 | F13: 174.95 | G13: 768.15
... A303: 33.082.455/0001-52 | B303: Odontonova Bocaiuva | C303: Gabriela Lopes Leite de Souza | D303: 46020 | E303: 297.97 | F303: 40 | G303: 257.97
A304: 14.953.013/0001-90 | B304: Clinica Clige | C304: Geraldo Andre Rocha Menezes | E304: 626.7 | F304: 50.45 | G304: 576.25
A305: 14.953.013/0001-90 | B305: Clinica Clige | C305: Geraldo Andre Rocha Menezes | E305: 581.43 | F305: 44.77 | G305: 536.66
A306: 14.953.013/0001-90 | B306: Clinica Clige | C306: Geraldo Andre Rocha Menezes | E306: 539.77 | F306: 41.56 | G306: 498.21
A307: 14.953.013/0001-90 | B307: Clinica Clige | C307: Geraldo Andre Rocha Menezes | E307: 348.1 | F307: 40 | G307: 308.1
A308: 14.953.013/0001-90 | B308: Clinica Clige | C308: Geraldo Andre Rocha Menezes | E308: 102.27 | F308: 40 | G308: 62.27
A309: 14.953.013/0001-90 | B309: Clinica Clige | C309: Geraldo Andre Rocha Menezes | E309: 200.32 | F309: 40 | G309: 160.32
A310: 14.953.013/0001-90 | B310: Clinica Clige | C310: Geraldo Andre Rocha Menezes | E310: 78.1 | F310: 40 | G310: 38.1
A311: 14.953.013/0001-90 | B311: Clinica Clige | C311: Geraldo Andre Rocha Menezes | E311: 108.1 | F311: 40 | G311: 68.1
A312: 14.953.013/0001-90 | B312: Clinica Clige | C312: Geraldo Andre Rocha Menezes | E312: 398.1 | F312: 40 | G312: 358.1
A313: 14.953.013/0001-90 | B313: Clinica Clige | C313: Geraldo Andre Rocha Menezes | E313: 98.1 | F313: 40 | G313: 58.1
A314: 14.953.013/0001-90 | B314: Clinica Clige | C314: Geraldo Andre Rocha Menezes | E314: 231.43 | F314: 40 | G314: 191.43
A315: 14.953.013/0001-90 | B315: Clinica Clige | C315: Geraldo Andre Rocha Menezes | E315: 98.1 | F315: 40 | G315: 58.1
... A418: 14.953.013/0001-90 | B418: Clinica Clige | C418: Geraldo Andre Rocha Menezes | E418: 78.1 | F418: 40 | G418: 38.1
A419: 06.154.401/0001-82 | B419: ODONTOLOGIA VERTHO | C419: Gustavo Jose de Oliveira Sales da Cruz | D419: 46010 | E419: 831.43 | F419: 157.14 | G419: 674.29
A420: 06.154.401/0001-82 | B420: ODONTOLOGIA VERTHO | C420: Gustavo Jose de Oliveira Sales da Cruz | D420: 46010 | E420: 706.43 | F420: 133.52 | G420: 572.91
A421: 06.154.401/0001-82 | B421: ODONTOLOGIA VERTHO | C421: Gustavo Jose de Oliveira Sales da Cruz | D421: 46010 | E421: 623.1 | F421: 117.77 | G421: 505.33
A422: 06.154.401/0001-82 | B422: ODONTOLOGIA VERTHO | C422: Gustavo Jose de Oliveira Sales da Cruz | D422: 46010 | E422: 432.88 | F422: 81.81 | G422: 351.07
A423: 06.154.401/0001-82 | B423: ODONTOLOGIA VERTHO | C423: Gustavo Jose de Oliveira Sales da Cruz | D423: 46010 | E423: 831.43 | F423: 157.14 | G423: 674.29
A424: 06.154.401/0001-82 | B424: ODONTOLOGIA VERTHO | C424: Gustavo Jose de Oliveira Sales da Cruz | D424: 46010 | E424: 1998.1 | F424: 419.6 | G424: 1578.5
A425: 06.154.401/0001-82 | B425: ODONTOLOGIA VERTHO | C425: Gustavo Jose de Oliveira Sales da Cruz | D425: 46010 | E425: 498.1 | F425: 94.14 | G425: 403.96
A426: 06.154.401/0001-82 | B426: ODONTOLOGIA VERTHO | C426: Gustavo Jose de Oliveira Sales da Cruz | D426: 46010 | E426: 411.74 | F426: 77.82 | G426: 333.92
A427: 06.154.401/0001-82 | B427: ODONTOLOGIA VERTHO | C427: Gustavo Jose de Oliveira Sales da Cruz | D427: 46010 | E427: 414.77 | F427: 78.39 | G427: 336.38
A428: 06.154.401/0001-82 | B428: ODONTOLOGIA VERTHO | C428: Gustavo Jose de Oliveira Sales da Cruz | D428: 46010 | E428: 1433.1 | F428: 270.86 | G428: 1162.24
A429: 06.154.401/0001-82 | B429: ODONTOLOGIA VERTHO | C429: Gustavo Jose de Oliveira Sales da Cruz | D429: 46010 | E429: 558.1 | F429: 105.48 | G429: 452.62
A430: 06.154.401/0001-82 | B430: ODONTOLOGIA VERTHO | C430: Gustavo Jose de Oliveira Sales da Cruz | D430: 46010 | E430: 464.6 | F430: 87.81 | G430: 376.79
... A1061: 24.427.331/0001-70 | B1061: Cardoso Odontologia Integrada | C1061: Riviane Ferreira Cardoso | D1061: 46013 | E1061: 686.1 | F1061: 124.87 | G1061: 561.23

Sheet Controle Odonto Limites
B2: Id Clinica | C2: CNPJ | D2: limite_sugerido | E2: Aux Limite II | F2: Antecipado | G2: Reembolsado | H2: Saldo Antecipavel | I2: % Antecipável
B3: 19387 | C3: 12.430.532/0001-48 | D3: =VLOOKUP(C3,BD!$A:$F,6,FALSE) -> 5075.66 | E3: =IF(D3>100000,100000,D3) -> 5075.66 | F3: =SUMIFS('results'!$E:$E,'results'!$A:$A,'Controle Odonto Limites'!C3) -> 0 | G3: =SUMIFS('results'!$E:$E,'results'!$A:$A,'Controle Odonto Limites'!C3,results!$H:$H,">0") -> 0 | H3: =E3-F3+G3 -> 5075.66 | I3: =H3/E3 -> 1
B4: 9727 | C4: 13.203.418/0002-29 | D4: =VLOOKUP(C4,BD!$A:$F,6,FALSE) -> 5207.94 | E4: =IF(D4>100000,100000,D4) -> 5207.94 | F4: =SUMIFS('results'!$E:$E,'results'!$A:$A,'Controle Odonto Limites'!C4) -> 0 | G4: =SUMIFS('results'!$E:$E,'results'!$A:$A,'Controle Odonto Limites'!C4,results!$H:$H,">0") -> 0 | H4: =E4-F4+G4 -> 5207.94 | I4: =H4/E4 -> 1
B5: 10244 | C5: 17.018.594/0001-60 | D5: =VLOOKUP(C5,BD!$A:$F,6,FALSE) -> 10592.43 | E5: =IF(D5>100000,100000,D5) -> 10592.43 | F5: =SUMIFS('results'!$E:$E,'results'!$A:$A,'Controle Odonto Limites'!C5) -> 0 | G5: =SUMIFS('results'!$E:$E,'results'!$A:$A,'Controle Odonto Limites'!C5,results!$H:$H,">0") -> 0 | H5: =E5-F5+G5 -> 10592.43 | I5: =H5/E5 -> 1
B6: 16653 | C6: 45.328.758/0001-91 | D6: =VLOOKUP(C6,BD!$A:$F,6,FALSE) -> 11539.11 | E6: =IF(D6>100000,100000,D6) -> 11539.11 | F6: =SUMIFS('results'!$E:$E,'results'!$A:$A,'Controle Odonto Limites'!C6) -> 0 | G6: =SUMIFS('results'!$E:$E,'results'!$A:$A,'Controle Odonto Limites'!C6,results!$H:$H,">0") -> 0 | H6: =E6-F6+G6 -> 11539.11 | I6: =H6/E6 -> 1
B7: 12359 | C7: 10.896.917/0001-70 | D7: =VLOOKUP(C7,BD!$A:$F,6,FALSE) -> 12293.82 | E7: =IF(D7>100000,100000,D7) -> 12293.82 | F7: =SUMIFS('results'!$E:$E,'results'!$A:$A,'Controle Odonto Limites'!C7) -> 0 | G7: =SUMIFS('results'!$E:$E,'results'!$A:$A,'Controle Odonto Limites'!C7,results!$H:$H,">0") -> 0 | H7: =E7-F7+G7 -> 12293.82 | I7: =H7/E7 -> 1
B8: 18720 | C8: 55.044.504/0001-03 | D8: =VLOOKUP(C8,BD!$A:$F,6,FALSE) -> 12389.19 | E8: =IF(D8>100000,100000,D8) -> 12389.19 | F8: =SUMIFS('results'!$E:$E,'results'!$A:$A,'Controle Odonto Limites'!C8) -> 0 | G8: =SUMIFS('results'!$E:$E,'results'!$A:$A,'Controle Odonto Limites'!C8,results!$H:$H,">0") -> 0 | H8: =E8-F8+G8 -> 12389.19 | I8: =H8/E8 -> 1
B9: 17280 | C9: 30.453.043/0001-93 | D9: =VLOOKUP(C9,BD!$A:$F,6,FALSE) -> 14660.12 | E9: =IF(D9>100000,100000,D9) -> 14660.12 | F9: =SUMIFS('results'!$E:$E,'results'!$A:$A,'Controle Odonto Limites'!C9) -> 0 | G9: =SUMIFS('results'!$E:$E,'results'!$A:$A,'Controle Odonto Limites'!C9,results!$H:$H,">0") -> 0 | H9: =E9-F9+G9 -> 14660.12 | I9: =H9/E9 -> 1
B10: 17420 | C10: 50.632.839/0001-10 | D10: =VLOOKUP(C10,BD!$A:$F,6,FALSE) -> 14882.42 | E10: =IF(D10>100000,100000,D10) -> 14882.42 | F10: =SUMIFS('results'!$E:$E,'results'!$A:$A,'Controle Odonto Limites'!C10) -> 0 | G10: =SUMIFS('results'!$E:$E,'results'!$A:$A,'Controle Odonto Limites'!C10,results!$H:$H,">0") -> 0 | H10: =E10-F10+G10 -> 14882.42 | I10: =H10/E10 -> 1
B11: 14450 | C11: 49.548.468/0001-04 | D11: =VLOOKUP(C11,BD!$A:$F,6,FALSE) -> 15817.44 | E11: =IF(D11>100000,100000,D11) -> 15817.44 | F11: =SUMIFS('results'!$E:$E,'results'!$A:$A,'Controle Odonto Limites'!C11) -> 0 | G11: =SUMIFS('results'!$E:$E,'results'!$A:$A,'Controle Odonto Limites'!C11,results!$H:$H,">0") -> 0 | H11: =E11-F11+G11 -> 15817.44 | I11: =H11/E11 -> 1
B12: 1463 | C12: 23.479.424/0001-86 | D12: =VLOOKUP(C12,BD!$A:$F,6,FALSE) -> 15930.9 | E12: =IF(D12>100000,100000,D12) -> 15930.9 | F12: =SUMIFS('results'!$E:$E,'results'!$A:$A,'Controle Odonto Limites'!C12) -> 12412.63 | G12: =SUMIFS('results'!$E:$E,'results'!$A:$A,'Controle Odonto Limites'!C12,results!$H:$H,">0") -> 0 | H12: =E12-F12+G12 -> 3518.27 | I12: =H12/E12 -> 0.22084565
B13: 17569 | C13: 62.272.980/0001-39 | D13: =VLOOKUP(C13,BD!$A:$F,6,FALSE) -> 16023.53 | E13: =IF(D13>100000,100000,D13) -> 16023.53 | F13: =SUMIFS('results'!$E:$E,'results'!$A:$A,'Controle Odonto Limites'!C13) -> 15871.61 | G13: =SUMIFS('results'!$E:$E,'results'!$A:$A,'Controle Odonto Limites'!C13,results!$H:$H,">0") -> 0 | H13: =E13-F13+G13 -> 151.92 | I13: =H13/E13 -> 0.0094810569
B14: 13994 | C14: 45.837.091/0001-52 | D14: =VLOOKUP(C14,BD!$A:$F,6,FALSE) -> 16864.51 | E14: =IF(D14>100000,100000,D14) -> 16864.51 | F14: =SUMIFS('results'!$E:$E,'results'!$A:$A,'Controle Odonto Limites'!C14) -> 0 | G14: =SUMIFS('results'!$E:$E,'results'!$A:$A,'Controle Odonto Limites'!C14,results!$H:$H,">0") -> 0 | H14: =E14-F14+G14 -> 16864.51 | I14: =H14/E14 -> 1
... B82: 7949 | C82: 43.867.079/0001-65 | D82: =VLOOKUP(C82,BD!$A:$F,6,FALSE) -> 15893.19 | E82: =IF(D82>100000,100000,D82) -> 15893.19 | F82: =SUMIFS('results'!$E:$E,'results'!$A:$A,'Controle Odonto Limites'!C82) -> 0 | G82: =SUMIFS('results'!$E:$E,'results'!$A:$A,'Controle Odonto Limites'!C82,results!$H:$H,">0") -> 0 | H82: =E82-F82+G82 -> 15893.19 | I82: =H82/E82 -> 1

Sheet BD
A1: cnpj | B1: clinica_id | C1: nome | D1: valor_emitido_nov_25 | E1: inadimplencia_real_nov_25 | F1: limite_sugerido | G1: valor_emitido_acumulado_clinica
A2: 28.708.262/0001-24 | B2: b6f880b6-5040-46ec-a748-fc5a2b5b5acd | C2: 10018 | D2: 282826.6 | E2: 0.101 | F2: 84860.6 | G2: 3742048.6
A3: 28.751.780/0001-20 | B3: 0e8a0207-f780-4707-92cd-4644e53f5f9b | C3: 10093 | D3: 71726.47 | E3: 0.187 | F3: 27012.5 | G3: 1504083.9
A4: 17.018.594/0001-60 | B4: 73c60e7b-bb2b-4164-a4ed-11f067d9f9b2 | C4: 10244 | D4: 28931.86 | E4: 0.037 | F4: 10592.43 | G4: 462274.67
A5: 36.740.048/0001-83 | B5: 213f0c18-4441-4b77-898b-26b0abc84625 | C5: 10478 | D5: 211850 | E5: 0.066 | F5: 57785.51 | G5: 1489784.4
A6: 17.709.161/0001-51 | B6: d27032f2-fa36-4a94-a5eb-00d0365a215f | C6: 10557 | D6: 220398.32 | E6: 0.032 | F6: 110281.93 | G6: 4017491.3
A7: 35.878.665/0001-87 | B7: 0abab0e4-d065-4d29-a2f5-975e683953ca | C7: 10580 | D7: 53096 | E7: 0 | F7: 48732.61 | G7: 536416.11
A8: 42.971.169/0001-39 | B8: 9a26c29c-8393-4d46-9530-ecafa1049b4a | C8: 12003 | D8: 57500.12 | E8: 0.086 | F8: 23816.08 | G8: 1168109.3
A9: 28.473.599/0001-08 | B9: a517d732-343d-4c33-85ce-a29b76c5ecde | C9: 12271 | D9: 775773.62 | E9: 0.014 | F9: 450104.8 | G9: 6506423.7
A10: 10.896.917/0001-70 | B10: 6b5eb0ea-4749-487d-b0de-9cf71b269ab2 | C10: 12359 | D10: 49390 | E10: 0.059 | F10: 12293.82 | G10: 594694.76
A11: 07.659.066/0001-37 | B11: bbdab157-7e2a-495c-951e-8d72ee1b94ec | C11: 1243 | D11: 79093.52 | E11: 0.058 | F11: 20718.16 | G11: 980037.77
A12: 10.862.833/0001-15 | B12: a12fa008-cffb-4540-ab34-36fd4bfffa52 | C12: 12479 | D12: 145747.7 | E12: 0.002 | F12: 158288.7 | G12: 1925766.1
A13: 45.767.009/0001-60 | B13: 074ceaba-ce41-44ee-a864-f5727f175cae | C13: 12558 | D13: 15484.59 | E13: 0.051 | F13: 3844.82 | G13: 172239.97
... A81: 13.203.418/0002-29 | B81: c51ac300-9e33-480b-8eab-34f96b5af1ff | C81: 9727 | D81: 22056.12 | E81: 0.136 | F81: 5207.94 | G81: 261115.73
